{"cameraMode":{"drawMode":0,"name":"Shaded","section":"Shading Mode"},"sceneLighting":false,"audioPlay":false,"sceneViewState":{"m_AlwaysRefresh":false,"showFog":true,"showSkybox":false,"showFlares":true,"showImageEffects":true,"showParticleSystems":true,"showVisualEffectGraphs":true,"m_FxEnabled":true},"in2DMode":false,"pivot":{"x":2.6722705364227297,"y":-6.262726306915283,"z":10.988288879394532},"rotation":{"x":-0.24060000479221345,"y":-0.11701073497533798,"z":0.029229536652565004,"w":-0.9630875587463379},"size":8.898503303527832,"orthographic":false}